"Status","Name","Duration in ms","Description"
"passed","unknown.Verify_Exec_Broker_Column_Mapping_WithCustomFIXTag_OverFIX42","13165",""
"passed","unknown.UpdatePortfolio_AllOrNothingTrue_ValidInvalid","69",""
"passed","unknown.WhenGettingInvestmentTrackingTransactionsByTransactionIDType","6",""
"passed","unknown.InsertOrUpdatePosition_AllOrNothingFalse_ValidData","1543",""
"passed","unknown.Verify_CancelOrders_Broker_ListTrader","6520",""
"passed","unknown.WhenEditingStagedPairChildOrderPermOffEmsComplianceOnlyFalse_FailsEDIValidation_ExpectTwoPendingTwoClerkReject","287689",""
"passed","unknown.WhenGettingInvestmentTrackingTransactionsByIDM","6",""
"passed","unknown.WhenNotifying_MultipleFills_MissingBrokerDataSucessfullyRetrieved","1946",""
"passed","unknown.WhenNotifyingMRS_FilteringOnTraderFirm_ChangingTraderWritesNewFilterLogMessage","60999",""
"passed","unknown.RetrieveStrategyTest_Failure","16",""
"passed","unknown.UpdateSecurityTest_Failure","46",""
"passed","unknown.WhenMovingTargetedTradesFromStagingToTradingTradesDoNotMerge_AutoMergeDisabled","21122",""
"passed","unknown.WhenFinalizingTrade_WithFeeBrokerOverride_CalculationCorrect","19176",""
"passed","unknown.Verify_ExecBrok_PartyID_Combination_of_PartID_Rep_Groups_and_Outright_Fix_tags_in_Con_Mode","15288",""
"passed","unknown.TradeMerge_CollapseBlotter_Targeted_Trades_RunCompliance_ViolationReported","6758",""
"passed","unknown.TradeMerge_BatchSelect_Targeted_Trades_MultipleBrokers_RunCompliance_ViolationReported","7566",""
"passed","unknown.Verify_BatchCancelTestCase","4240",""
"passed","unknown.UpdateMifidFieldsOfSecurities","207",""
"passed","unknown.UpdateIssuer_AllOrNothingFalse_ValidData","61",""
"passed","unknown.TestTradeRule_ManualEditTrade_MoveFromTradingToStaging","6264",""
"passed","unknown.InsertSecurityWithMifidFields","29",""
"passed","unknown.WhenEnteringABuyTrade_WithBrokerFromF5_TOrderActionUpdatesToBuy","299",""
"passed","unknown.WhenChildOrderEditWithPermOnAndEMSComplianceOnlyTrue_TsValidationFails_ExpectReject","6017",""
"passed","unknown.AfterRiskServiceStartUp_DiagnosticMessagesDoNotContainDuplicateMessages","6357",""
"passed","unknown.WhenEditingPairsOrdersFailComplianceValidation_AckVoilation_ExpectExchangeAcceptAck","7037",""
"passed","unknown.WhenEditintChildOrderToSPFailsEDIValidationExpectTwoPendingTwoClerkReject","6022",""
"passed","unknown.TradeMerge_CollapseBlotter_MMT_Trades_SingleNonElectronicBroker_RunCompliance_ViolationReported","9645",""
"passed","unknown.WhenCowboyTradeEntrySwapSecurityExpectClerkAccept","2005",""
"passed","unknown.WhenEditingChildPairsOrdersPermOnAndEMSComplianceOnlyFalse_FailsTsValidation_ExpectComplianceViolation","4025",""
"passed","unknown.FillsAppear","3881",""
"passed","unknown.PreUpgradeAnalyticsTemplates","13",""
"passed","unknown.WhenSendingTradesForRollForward_Tolerance5000_RoundingHundredths_SendTradesCorrectly","2374",""
"passed","unknown.WhenCreatingInvestmentTrackingTransactions","9",""
"passed","unknown.WhenCowboyTradeEntryFailTSValidationExpectComplianceViolation","2005",""
"passed","unknown.TradeImporter_SaveCurrentUserSettingsAndThenSaveGlobalUserSettings","153",""
"passed","unknown.RulePersistsToDatabase","1332",""
"passed","unknown.Verify_QND_MDO_ExpireTime_On_Archive_Rollover","86913",""
"passed","unknown.DeletePortfolio_AllOrNothingFalse_ValidData","72",""
"passed","unknown.CreateSecurityTest_Invalid_Data_Failure","31",""
"passed","unknown.WhenNotifying_CurrencyIsCorrect","529",""
"passed","unknown.Verify_TransactionTimeMicrosecondPrecisionInboundUnsolicitedReplace","13107",""
"passed","unknown.MergeRules_AddRule_FailureScenarios","224",""
"passed","unknown.TraderHasNoAssociations_GetFirmLEIByTrader_ReturnsErrorMsg","110",""
"passed","unknown.WhenCowboyTradeEditFailTSValidationExpectComplianceViolation","4008",""
"passed","unknown.Verify_Fill_Custom_Field_Values_OrderRouting","3622",""
"passed","unknown.Verify_ExecBroker_tc_price","3791",""
"passed","unknown.WhenSendingTradesForAdjustHedge_Tolerance5000_Rounding100_SendTradesCorrectly","2193",""
"passed","unknown.CreatePortfolio_AllOrNothingFalse_ValidInvalid","231",""
"passed","unknown.WhenCheckingCompliance_F5ToStaging_SaveTradeWorklow_ViolationsNotReported_TradeSaved","1421",""
"passed","unknown.TradeMerge_CollapseBlotter_MMT_Trades_RunCompliance_ViolationReported","6612",""
"passed","unknown.Verify_ApprovalList_ExecBroker_In_ApprovalList_OrderRouting_Expect_Fill_Successfully","21268",""
"passed","unknown.WhenGettingModelPortfolios","42",""
"passed","unknown.WhenParentOrderEditWithWarningLevelViolationExpectsViolationAndAck","8015",""
"passed","unknown.ExecuteAssociateTradesOperation_InvalidRequest","45",""
"passed","unknown.CreatePortfolio_AllOrNothingFalse_ValidData","47",""
"passed","unknown.WhenUsingLookThroughByPortSector_LookThroughFalse","50",""
"passed","unknown.GetInflationBenchmarksTest","115",""
"passed","unknown.CreateTrade_WhenComplianceServiceisStopped_TradeShouldnotBeCreatedOnBlotter","19059",""
"passed","unknown.WhenAddingStagedPairOrdersIsSuccessfulExpectTwoClerkAccept","2008",""
"passed","unknown.Verify_ExclusionAndAdvancedRoutingRules","16036",""
"passed","unknown.WhenDoingDataValidationOptionNoExpirationErrorReported","1637",""
"passed","unknown.InsertOrUpdateSecurityTest_Update_Failure","39",""
"passed","unknown.BasisPointBrokerFeeTest","1066",""
"passed","unknown.WhenFinalizingTrade_AllocationCommissionScheduleApplied_PositiveSectype","19019",""
"passed","unknown.WhenNotifyingMRS_ExcludedSecType_FillISsFiltered","60264",""
"passed","unknown.WhenValidatingPSSymbolsFindSomeThatFail","1863",""
"passed","unknown.Verify_UnsolicitedReplace","13540",""
"passed","unknown.TradeImporter_SendToStaging_MergeTrades","1983",""
"passed","unknown.GetSubIndustriesTest","119",""
"passed","unknown.WhenRunningAnIndexShockOnEquityS1InputPriceStarIsCorrectInAnalytics","2",""
"passed","unknown.WhenGettingColumnTypeList","22",""
"passed","unknown.WhenValidatingIsModelingServiceAvailable","3",""
"passed","unknown.ImportRealTimeSubscriptionTest","74203",""
"passed","unknown.WhenCreatingInvestmentDecisionMakers","13",""
"passed","unknown.WhenFinalizingTrade_BrokerCommissionScheduleApplied_PositiveBroker","16221",""
"passed","unknown.WhenNotifyingMRS_FIlterLogPopulatedAtStartupForTrade_NoNewMessageIsLogged","64933",""
"passed","unknown.WhenChildOrderEditWithPermOffAndEmsComplianceOnlyFalse_ComplianceViolation_AndExpectClerkAccept","8021",""
"passed","unknown.WhenMovingTradesFromTradingToStagingTradesExistInStagingBlotter","5958",""
"passed","unknown.WhenChildOrderEditWithPermOffAndEMSComplianceOnlyFalse_EdiValidation_ExpectReject","6018",""
"passed","unknown.WhenParentOrderEditSwapSuccessExpectsClerkAccept","6015",""
"passed","unknown.WhenRemovingAllWhatIfPositions","1049",""
"passed","unknown.Verify_SendCancelOnFinalizedTrade","121731",""
"passed","unknown.WhenGettingDiagnosticsResult","1028",""
"passed","unknown.WhenCowboyTradeEditSucceedsExpectClerkAccept","4008",""
"passed","unknown.Verify_TradeGen_HardMatchRollUp","14597",""
"passed","unknown.WhenGettingLocateRequestFromTradewinds","1658",""
"passed","unknown.TradeMerge_BatchSelect_Targeted_Trades_MultipleBrokers_RunCompliance_ProcessUserOverridingComplianceAction","7293",""
"passed","unknown.InitializeRealTimeSubscriptionsTest","24",""
"passed","unknown.F2NewSymbolAuthenticationTest","401",""
"passed","unknown.ValidatePricingDataTest","6133",""
"passed","unknown.WhenEditingChildPairsOrdersPermOffAndEMSComplianceOnlyFalse_IsSuccessful_ExpectClerkAccept","5024",""
"passed","unknown.RetrieveSecuritySymbolsTest_Success","560",""
"passed","unknown.WhenDoingDataValidationUSOptionExpiredErrorReported","2066",""
"passed","unknown.RenameSecurityTest_Failure","30",""
"passed","unknown.WhenRunningAnIndexShockS1NameIsCorrectInAnalytics","4",""
"passed","unknown.WhenGettingByXColumns","42",""
"passed","unknown.UpdatePortfolio_AllOrNothingFalse_ValidInvalid","237",""
"passed","unknown.WhenParentOrderEntryWithWarningLevelViolationExpectsViolationAndAck","4115",""
"passed","unknown.Verify_MDO_Append","138209",""
"passed","unknown.WhenAddingStagedPairsOrderOneLegFailsEDIValidationExpectPendingClerkReject","2007",""
"passed","unknown.ImportLocatesAndSend","9275",""
"passed","unknown.Test_RetrievePositionLots_FilterBySymbol","7041",""
"passed","unknown.UpdateSecurityData_UpdateMifidFieldsOfSecurity","199",""
"passed","unknown.WhenGettingCalculatedBenchmarkData","1059",""
"passed","unknown.Verify_ExecBrok_PartyID_Broker_LEI_logic_1_N_454_with_the_new_PartyID_logic_in_concentration_mode","14099",""
"passed","unknown.WhenEditingPairsOrdersIsSuccessful_WithNoViolation_ExpectTwoClerkAccept","7036",""
"passed","unknown.WhenBatchInsertOrderAllOrNothingFalse","5033",""
"passed","unknown.BasisPointBrokerCommissionTest","263039",""
"passed","unknown.UpdateBrokerAmount_Success","4179",""
"passed","unknown.Verify_UnsolicitedReplace_WithLimitToMarketValidation","12741",""
"passed","unknown.Verify_StoringCompdealerCodes_In_TC_BestExecution_Using_Tradegen_ForFillCorrection","24230",""
"passed","unknown.TradeMerge_CollapseBlotter_Targeted_Trades_MultipleBrokers_RunCompliance_ProcessUserOverridingComplianceAction","7567",""
"passed","unknown.WhenExecutingRelativeColumnOperationOfAdd","1055",""
"passed","unknown.DeletePosition_DeletePositionByPortfolioTest_AllOrNothingFalse_ValidInvalid","3841",""
"passed","unknown.WhenDoingDataValidationFutureExpiredErrorReported","1756",""
"passed","unknown.WhenTestingParentOrderEntrySwapWithCustodianDoesNotExistExpectsClerkReject","2108",""
"passed","unknown.WhenCreate_SC1MmtTrade_BrokerLevelComplianceRule_ResponseFail","2147",""
"passed","unknown.CreateBroker_AllOrNothingFalse_ValidandShortNameNull","392",""
"passed","unknown.VerifyLocatesRequest_WhenAutoGenSettingIsOne","88102",""
"passed","unknown.WhenGettingModelBenchmarkData","1322",""
"passed","unknown.Verify_QND_MDO_DFDConsistencyAcrossMBSWorkflows","6785",""
"passed","unknown.TradeMerge_CollapseBlotter_MMT_Trades_MultipleNonElectronicBrokers","11066",""
"passed","unknown.ChangeIdmForMultipleAllocations","3203",""
"passed","unknown.WhenCowboyTradeEntrySwapSecurityFailTSValidationExpectComplianceViolation","2005",""
"passed","unknown.WhenNotifying_AmmendingAFillThatWasFilteredIsFiltered_NoMessagesAreSent","663",""
"passed","unknown.TradeMerge_BatchSelect_MMT_Trades_MultipleNonElectronicBrokers_RunCompliance_ViolationReported","7094",""
"passed","unknown.PricingTicksInAnalyticsGrid","757",""
"passed","unknown.WhenNotifying_LastCapacityIsCorrect","1650",""
"passed","unknown.RetrieveManager_NoManagerFound","15",""
"passed","unknown.CreateSecurityTest_Insert_Existing_Security_Failure","154",""
"passed","unknown.CreateCurrency__success","2972",""
"passed","unknown.WhenDoingDataIntegrityCheck_OnlyTradedAndHeldAreValidated","1706",""
"passed","unknown.WhenRunningAnIndexShockOnEquityS1DeltaAdjExposureStarIsCorrectInAnalytics","2",""
"passed","unknown.WhenInvalidatingServerCache","1904",""
"passed","unknown.WhenChildOrderEditWithPermOnAndEMSComplianceOnlyFalse_TsValidation_ExpectReject","6017",""
"passed","unknown.CheckInventoryUpdatesForNonLocateEnabledSecTypes","110352",""
"passed","unknown.WhenGettingCurrencyData","1013",""
"passed","unknown.WhenNotifying_LastMktIsCorrect","1039",""
"passed","unknown.TestTradeRule_AutoHammer_OneFullyFilledTrade_OnePartiallyFilledTrade","6218",""
"passed","unknown.UpdateTrader_AllOrNothingTrue_ValidData","54",""
"passed","unknown.ChangeManager_Targeted_Trade_ProcessUserOverridingComplianceAction","6767",""
"passed","unknown.WhenRunningAnIndexShockOnEquityS1InputPriceIsCorrectInAnalytics","3",""
"passed","unknown.WhenGettingCustodians","1018",""
"passed","unknown.Verify_Execution_Correction_Match","17203",""
"passed","unknown.WhenGettingPortfoliosFromXPortfolioProperty","1013",""
"passed","unknown.TradeMerge_BatchSelect_MMT_Trades_RunCompliance_ViolationReported","6463",""
"passed","unknown.RetrievePortfolio_Success","92",""
"passed","unknown.DeletePosition_DeletePositionByExternalIDTest_AllOrNothingTrue_ValidInvalid","3184",""
"passed","unknown.DeleteTrader_AllOrNothingFalse_ValidData","53",""
"passed","unknown.WhenRunningAScenario_DatafeedHasNoPrice_RiskServiceGetsPriceFromAnalyticsInRiskSessionLog","11583",""
"passed","unknown.CreateBatchTrades_NoneViolateComplianceRule_AllTradesShouldCreatedOnBlotter","5296",""
"passed","unknown.WhenGettingInvestmentTrackingConfigurations","126",""
"passed","unknown.WhenGettingLocateRequestFromTradewindsLocatesAddedToBlotter","533903",""
"passed","unknown.WhenDoingDataIntegretyCheck_SecTypeOverridesAreRespected","5100",""
"passed","unknown.WhenNotifyingMRS_ExcludedSecType_MultipleFillsSentOnlyOneMessageIsLogged","60671",""
"passed","unknown.WhenSecuritySwapPassesFilterAndFailOnSecondaryMatch","6252",""
"passed","unknown.WhenRunningPostTradeCompliance_ForAllPositions_ViolationsReturned","3101",""
"passed","unknown.AddBrokerUDF_MultipleTrades_Broker_ListTrader","21750",""
"passed","unknown.Verify_MBS_DropModel_Br_status_changes","7856",""
"passed","unknown.WhenBatchFinalizingDoneTrades_TcTradeAlcTFUpdateCorrectly","25334",""
"passed","unknown.WhenCheckingCompliance_APITradeEntry_CreateTradeWorklow_ViolationsReported_ResponseIsNull","446",""
"passed","unknown.Verify_StoringCompdealerCodes_In_TC_BestExecution_Using_OrderRouting","24381",""
"passed","unknown.Verify_StoringCompdealerCodes_In_TC_BestExecution_Using_Tradegen","22138",""
"passed","unknown.CreateTradeWithMinimumRequiredFieldsBlockTradesWithSameExternalIdInABatch","11",""
"passed","unknown.WhenUpdatingColumnCustomSummary","1346",""
"passed","unknown.WhenNotifying_WithoutBrokerLEI_BrokerLEIIsRetrieved","526",""
"passed","unknown.WhenEditingStagedPairOrdersIsSuccessfulExpectTwoClerkAccept","6019",""
"passed","unknown.Verify_TradeGen_Append_TradeExistsOnBlotterAndCommitedToBroker","14670",""
"passed","unknown.WhenInvokingFilterLogic_EditOfAReportedFill_FilterResultPassed","1022",""
"passed","unknown.WhenGettingPricingPermissionLevel","1407",""
"passed","unknown.WhenEditingViewType","1177",""
"passed","unknown.AddDefaultSupplementalFillDatatoTrade","4250",""
"passed","unknown.InsertOrUpdateSecurityTest_Insert_Success","217",""
"passed","unknown.UpdateStrategy_AllOrNothingFalse_ValidData","53",""
"passed","unknown.Verify_TraderMatchingWithNewPartyIdStyle","3316",""
"passed","unknown.WhenCowboyTradeEntryFailEDIValidationExpectClerkReject","2005",""
"passed","unknown.WhenDeletingBroker_tOrderActionUpdates_MultiplePermutations","9361",""
"passed","unknown.RollBackF5TradeToMandTState","22410",""
"passed","unknown.EnterF5ShortTrade_CheckTheoreticalAllocations","1114",""
"passed","unknown.RetrievePortfolio_Failure","21",""
"passed","unknown.RetrieveTStateTradeToVerifyStrategiesinLots","5281",""
"passed","unknown.SingleBrokerPartiallyFilledF5Trade","35149",""
"passed","unknown.ProcessInboundDropCopyFillsWithSideH_C34618630","39778",""
"passed","unknown.TradeImporter_SendToStaging_InsertMstateTradesAsTstate","151",""
"passed","unknown.InsertSecurityDataBatchWithDefaultMifidFields","324221",""
"passed","unknown.WhenSendingTradesForRollForward_Tolerance5000_RoundingHundredths_SpecifyOpeningDate_LTTrue_SendTradesCorrectly","3105",""
"passed","unknown.WhenGettingSecurityIndexes","1018",""
"passed","unknown.WhenNotifyingMRS_TraderIsAssociatedToNonMifidFirm_MutlipleFillsSentOnlyOneMessageLogged_WithServiceBounce","127283",""
"passed","unknown.Verify_ListTraderOrderRouting","5995",""
"failed","unknown.RebillF5TradeWithSetting_DiscardTargetAllocation","78870",""
"passed","unknown.ChecksIfSymbolIsLocateEnabled","133",""
"passed","unknown.GetAvailableLocates","10126",""
"passed","unknown.WhenSecuritySwapPassesFilterAndSuccessOnPrimaryMatch","6026",""
"passed","unknown.PrincipalBrokerFeeTest","1039",""
"passed","unknown.CreateMStateTradeWithIDMFieldsTestWithGUIDNotAvailable","2879",""
"passed","unknown.ChangeIdmToNullForSingleAllocation","3224",""
"passed","unknown.MergeRules_Delete","703",""
"passed","unknown.Verify_BrokerTraderDefaultsToTradeTraderSetting_False_TradeGen_Append","36263",""
"passed","unknown.SecurityDataRequestUsingKey_RetrieveMiFiDFieldsWhenAllFalseValuesarePassed","328",""
"passed","unknown.WhenChildOrderEditWithPermOnAndEMSComplianceOnlyFalse_IsSuccessful_ExpectClerkAccept","6017",""
"passed","unknown.CreateStrategyTest_AllOrNothingFalse_ValidData","52",""
"passed","unknown.TestTradeRule_ManualBreakOutManagerAllocation","5940",""
"passed","unknown.Verify_Sending_Outbound_Udf_Override","20433",""
"passed","unknown.TestFixOutGatewayShouldNotValidateIfNullTradeDataOrNullDestinationData","220",""
"passed","unknown.Verify_Execution_Cancellation_AppendRollup_TradeExistsOnBlotterAndCommitedToBroker","17475",""
"passed","unknown.WhenCallingNotify_EnsureOrderIsMaintained_MultipleThreads","3864",""
"passed","unknown.EnterF5CoverTrade_CloseOutOfTradeAndHolding_CheckTheoreticalAllocations","16541",""
"passed","unknown.WhenCowboyTradeEntrySwapSecurityFailEDIValidationExpectClerkReject","2009",""
"passed","unknown.WhenRunningAScenario_DatafeedHasNoPriceForUnderlying_RiskServiceGetsUnderlyingPriceFromAnalyticsInRiskSessionLog","2914",""
"passed","unknown.WhenParentOrderEntrySwapFailTradingServiceValidation","2007",""
"passed","unknown.Verify_ComplianceViolation","63724",""
"passed","unknown.CreateCustodian_AllOrNothingTrue_Valid","34",""
"passed","unknown.WhenNotifying_ClearingIntentionSetToTrue_ClearingIntetionIsOne","1518",""
"passed","unknown.WhenGettingIntradayChartingInterval","1008",""
"passed","unknown.UpdateIssuer_AllOrNothingTrue_ValidInvalid","2046",""
"passed","unknown.DeleteExchange_AllOrNothingFalse_Success","161",""
"passed","unknown.WhenCreatingPSSymbolsHaveSomeCreatedOneInvalid","25",""
"passed","unknown.WhenSecurityPassesFilterAndSuccessOnSecondaryMatch","6095",""
"passed","unknown.RetrieveCrossCurrency__success","129",""
"passed","unknown.Verify_HardMatchRollup_ForEnableDKFalse","27557",""
"passed","unknown.UpdateStrategy_AllOrNothingTrue_ValidInvalidData","36",""
"passed","unknown.UpdateTStateTrade","5028",""
"passed","unknown.TradeMerge_BatchSelect_Targeted_Trades_SingleElectronicBroker","4494",""
"passed","unknown.Verify_TradeGen_AppendRollup_TradeExistsOnBlotterAndCommitedToBroker","14215",""
"passed","unknown.CreateBenchmarkAndRunRebalancePortfolios","17094",""
"passed","unknown.UpdateIssuer_AllOrNothingTrue_ValidData","187",""
"passed","unknown.WhenCreate_SC1TargetTrade_BrokerLevelComplianceRule_ResponseFail","523",""
"passed","unknown.WhenRunningScenarioOnValidOptionCallRiskSessionLogHasNoErrors","3132",""
"passed","unknown.WhenGettingPortfolioGroupsPerPortfolio","43",""
"passed","unknown.WhenGettingCustomColumnDependencyList","1329",""
"passed","unknown.WhenGeneratingColumnAssembly","186",""
"passed","unknown.WhenGettingInvestmentTrackingTransactionsBySource","8",""
"passed","unknown.Verify_TradeGen_AppendRollup_RollUpTradeAmount","12884",""
"passed","unknown.Verify_Sending_Outbound_Field_Override","20623",""
"passed","unknown.WhenCheckingCompliance_InsertOrUpdate_ComplianceViolationsAreReported","1117",""
"passed","unknown.WhenRunningRollForward_Tolerance10000_RoundingHundredths_ColumnValuesAreCorrect","365",""
"passed","unknown.WhenCreatingTradesTradesAreReturned","145",""
"passed","unknown.WhenGettingPortfolioByPortfolioName","4",""
"passed","unknown.Verify_DelphiAlgoRoutingRule","10988",""
"passed","unknown.WhenConnectWithServerByHeartBeat","1066",""
"passed","unknown.TradeImporter_SendToStaging_Targeted","137",""
"passed","unknown.WhenEditingPairsOrdersFailTSValidation_WithViolation_ExpectTwoClerkReject","4036",""
"passed","unknown.PauseMarketData","6099",""
"passed","unknown.WhenDoingDataValidationFutureNoExpirationErrorReported","2147",""
"passed","unknown.CreateTrader_AllOrNothingFalse_ValidData","31",""
"passed","unknown.Verify_Execution_Cancellation_MatchAppend","17832",""
"passed","unknown.TradeImporter_SendToTrading_MergeTrades","2473",""
"passed","unknown.WhenCreate_SC1TargetTrade_NoAutoEx","2191",""
"passed","unknown.TradeMerge_CollapseBlotter_MMT_Trades_RunCompliance_ProcessUserOverridingComplianceAction","7037",""
"passed","unknown.WhenChildOrderEntryPassesWithComplianceAndExpectClerkAccept","6016",""
"passed","unknown.PrinicpalBrokerCommissionTest","1019",""
"passed","unknown.WhenDoingDataValidationUSOptionNoStrikeErrorReported","1650",""
"passed","unknown.WhenSecurityPassesFilterAndFailOnPrimaryMatch","8050",""
"passed","unknown.WhenInvokingFilterLogic_NewFillNotToBeReported_FilterResultRejected","6",""
"passed","unknown.DeleteManager_AllOrNothingTrue_ValidData","53",""
"passed","unknown.WhenCallingNotify_WhileBouncingRedis_AllFillsAreSent_WithShutDown","117802",""
"passed","unknown.SendModelingTradesFromStagingToTrading","29210",""
"passed","unknown.WhenGettingBenchmarks","1015",""
"passed","unknown.WhenCreate_Sc1Trades_VerifyAnalyticsGrid_Success","9279",""
"passed","unknown.DeleteSecurityData_DeleteSecurities","1377",""
"passed","unknown.RetrieveByFilterPosition_RetrieveBySecurityFilterPositionTest","1544",""
"passed","unknown.WhenSecuritySwapPassesDefaultFilterAndSuccessOnSecondaryMatch","6216",""
"passed","unknown.TradeMerge_CollapseBlotter_Targeted_Trades_RunCompliance_ProcessUserOverridingComplianceAction","6771",""
"passed","unknown.WhenMovingMmtTradesFromStagingToTradingTradesMerge_AutoMergeEnabled","21508",""
"passed","unknown.InsertOrUpdateSecurityData_InsertSecurityWithMifidFields","100",""
"passed","unknown.EditAllocationCustodianEditsTheCustodianOnAllocationsAndLots","10528",""
"passed","unknown.WhenNotifying_WithBrokerLEI_BrokerLEIIsUsed","1647",""
"passed","unknown.TradeMerge_BatchSelect_Targeted_Trades_MultipleElectronicBrokers","11354",""
"passed","unknown.BasisPointBrokerCommissionAndAllocationCommissionTest","1967",""
"passed","unknown.Verify_TradeGen_Match","14174",""
"passed","unknown.SecurityDataRequestUsingKeys_RetrieveMiFiDFieldsWhenAllTrueValuesarePassed","126",""
"passed","unknown.WhenBMATradeReturnsTargetedTrade","5313",""
"passed","unknown.LoadAllPositionsInAnalyticsGrid","13340",""
"passed","unknown.WhenAddingPairsOrdersIsSuccessfulExpectTwoClerkAccept","3010",""
"passed","unknown.RetrieveBroker_ValidInvalidFailure","34",""
"passed","unknown.BuySellShortCover_AllRuleTypesFire","35620",""
"passed","unknown.DeleteSecurities","791",""
"passed","unknown.ChangeManager_Targeted_Trade","6149",""
"passed","unknown.ExecuteUnassociateTradesOperation_ByAssociationID_And_ByTradeIdsToUnassociate","20718",""
"passed","unknown.WhenExecutingManualTradeRuleTheRuleIsAppliedOnTheTrade","5452",""
"passed","unknown.ChangeTrader_MMT_Trade_ProcessUserOverridingComplianceAction","6983",""
"passed","unknown.Verify_UnsolicitedCancel","12898",""
"passed","unknown.ClearAllFromGrid","16260",""
"passed","unknown.Verify_F9_MultipleTrades_Broker_ListTrader","4481",""
"passed","unknown.MergeRules_UpdateRuleWhichDoesNotExist","355",""
"passed","unknown.Verify_AddAndDeleteTradeThroughEDI_UsingExternalID_MRSIsNotifiedForAllFills","396777",""
"passed","unknown.CreatetradewithExchangeEIDOSEXC","3097",""
"passed","unknown.Verify_OutboundOverrideRule_ForDBData","52105",""
"passed","unknown.MergeRules_Add","172",""
"passed","unknown.WhenGettingFullViewDataLight","1342",""
"passed","unknown.TradeMerge_BatchSelect_MMT_Trades_SingleNonElectronicBroker","5842",""
"passed","unknown.WhenInvokingFilterLogic_EditOfAnUnreportedFill_FilterResultRejected","17",""
"passed","unknown.SaveRealTimeInstanceAndSubscriptionsTest","2",""
"passed","unknown.WhenUpdatingInvestmentTrackingConfigurations","20",""
"passed","unknown.GetSectorsTest","146",""
"passed","unknown.InsertOrUpdatePosition_AllOrNothingTrue_ValidInvalid","1531",""
"passed","unknown.WhenNotifying_TraderIsMissing_TraderRetrievedFromBrokerRow","15",""
"passed","unknown.WhenTradeImporterIsExcludedFromTradeEntrySourcesCheckForLocates","96341",""
"passed","unknown.UpdateManager_AllOrNothingTrue_ValidData","52",""
"passed","unknown.WhenCreatingInvestmentTrackingRules","19",""
"passed","unknown.WhenFinalizingTrade_BrokerCommissionScheduleApplied_NegativeBroker","17340",""
"passed","unknown.WhenParentOrderEntrySuccessExpectsClerkAccept","3008",""
"passed","unknown.WhenCreatingInvestmentTrackingConfigurations","12",""
"passed","unknown.FinalizeTStateTrade","9228",""
"passed","unknown.CreateTrader_AllOrNothingFalse_ValidInvalid","271",""
"passed","unknown.TradeMerge_BatchSelect_MMT_Trades_SingleNonElectronicBroker_RunCompliance_ProcessUserOverridingComplianceAction","8049",""
"passed","unknown.DeleteStrategy_AllOrNothingFalse_ValidInvalidData","122",""
"passed","unknown.Verify_TransactionTimeMilliSecondPrecisionInboundUnsolicitedCancel","11783",""
"passed","unknown.WhenRunningAdjustHedge_Tolerance5000_Rounding100_ColumnValuesAreCorrect","291",""
"passed","unknown.WhenCheckingCompliance_AddNewBrokerWorkflow_TestGetProposedAllocations","165",""
"passed","unknown.WhenChildOrderEditWithPermOffAndEMSComplianceOnlyTrue_EdiValidationFails_ExpectReject","6024",""
"passed","unknown.RenameSecurity_RenameSecurityInMifidTable","470",""
"passed","unknown.WhenEditingStagedPairOrdersFailsEDIExpectPendingClerkReject","4017",""
"passed","unknown.WhenCheckingCompliance_EditTradeWorkflow_AfterUserProvidedOverrideComments","6094",""
"passed","unknown.WhenNotifyingMRS_SecurityFilterOnAndNonEligibleSecurity_FillISsFiltered","60809",""
"passed","unknown.CreateStrategyTest_AllOrNothingFalse_ValidInvalidData","124",""
"passed","unknown.WhenNotifying_CurrencyIsMissing_CurrencyRetrievedFromBrokerRow","15",""
"passed","unknown.WhenRunningAnIndexShockOnEquityS1PriceIsCorrectInAnalytics","2",""
"passed","unknown.VerifyFuturesAssetClass_ManualFill_NotifyMRS_Test","3652",""
"passed","unknown.WhenGettingPortfoliosForPortfolioGroup","25",""
"passed","unknown.Verify_BrokerTraderDefaultsToTradeTraderSetting_True_TradeGen_HardMatchRollUp","15094",""
"passed","unknown.UpdateStrategy_AllOrNothingFalse_ValidInvalidData","188",""
"passed","unknown.TradeImporter_SendToTrading_MMT_PartiallyCommittedAndPartiallyFilled","268",""
"passed","unknown.WhenGettingPositionFilters","1018",""
"passed","unknown.WhenEditingChildPairsOrdersPermOffAndEMSComplianceOnlyFalse_FailTsValidation_ExpectComplianceViolation","5028",""
"passed","unknown.WhenNotifying_SecurityInformationIsCorrect","2300",""
"passed","unknown.TraderHasAssociatedFirm_GetFirmLEIByTrader_ReturnsFirmLEI","127",""
"passed","unknown.Verify_Execution_Correction_HardMatchRollUp","18410",""
"passed","unknown.AddLocatesOnTradeEntry","9435",""
"passed","unknown.CreateBroker_AllOrNothingTrue_ValidandInvalidShortName","21",""
"passed","unknown.TradeImporter_SendToTrading_InsertMstateTradesAsTstate","1092",""
"passed","unknown.WhenParentOrderEentrySwapSuccessExpectsClerkAccept","3008",""
"passed","unknown.Verify_ExecutionCorrect","48061",""
"passed","unknown.WhenNotifyingMRS_TraderIsAssociatedToNonMifidFirm_FillISsFiltered","61345",""
"passed","unknown.PositionLevelModelForPortfolioGroupTest","53661",""
"passed","unknown.CreateCountry_AllOrNothingFalse_Success","1279",""
"passed","unknown.TradeMerge_CollapseBlotter_MMT_Trades_SingleNonElectronicBroker_RunCompliance_ProcessUserOverridingComplianceAction","8004",""
"failed","unknown.Verify_NewF9Trade_WithBrokerUDF","20863",""
"passed","unknown.WhenUsingShortCircuitingInFilter_TestAllRulesWithFilter_ResultArePassAndConsistent","370490",""
"passed","unknown.WhenNotifying_CurrencyAndTraderMissing_BothRetrievedFromBrokerRow","18",""
"passed","unknown.CreateTrader_AllOrNothingTrue_ValidData","40",""
"passed","unknown.UpdateExchange_AllOrNothingFalse_success","68",""
"passed","unknown.WhenRunningAnIndexShockOnEquityS1MTMValueIsCorrectInAnalytics","2",""
"passed","unknown.AmountIncrease_AveragePriceDecrease","9414",""
"passed","unknown.WhenGettingSymbolList","1016",""
"passed","unknown.WhenOnTradeEntryIsSetToDoNothingForTradeImporter","98659",""
"passed","unknown.WhenMovingTradesFromStagingToTradingTradesExistInTradingBlotter","5287",""
"passed","unknown.GetGICListTest","126",""
"passed","unknown.DeleteTStateTrade","6249",""
"passed","unknown.Verify_OrderRouting_withLimit","7389",""
"passed","unknown.InsertOrUpdateSecurityData_UpdateMifidFieldsOfSecurity","221",""
"passed","unknown.DeleteStrategy_AllOrNothingTrue_ValidInvalidData","58",""
"passed","unknown.WhenRunningAnIndexShockOnEquityS1ImpactStarIsCorrectInAnalytics","3",""
"passed","unknown.DeleteStrategy_AllOrNothingFalse_ValidData","53",""
"passed","unknown.AmountSame_DecreaseAveragePrice","6898",""
"passed","unknown.WhenSendingTradesForFXForwardCombo_ClosedCashBalancesTrue_Tolerance0_RoundingHundredths_SimplifyDates_SendTradesCorrectly","3273",""
"passed","unknown.CreateBatchTrades_UsingDefinedStrategies","3088",""
"passed","unknown.GetSecTypeUnderlyingTest","113",""
"passed","unknown.MergeRules_Update","223",""
"passed","unknown.ProcessInboundDropCopyFillsWithSideH_MBS_UndisclosedSellAsShort_True_or_False_C44410279","40882",""
"passed","unknown.WhenGettingColumnListByType","184",""
"passed","unknown.WhenNotifying_CancellingAFillThatWasNotFiltered_SendsCancellation","3833",""
"passed","unknown.WhenGettingInvestmentTrackingReferenceMapping","4",""
"passed","unknown.CreateIssuer_AllOrNothingTrue_ValidData","2032",""
"passed","unknown.CreateStrategyTest_AllOrNothingTrue_ValidInvalidData","23",""
"passed","unknown.WhenGettingFullViewDataCheckColumnNumber","176",""
"passed","unknown.EnterF5SellTrade_CloseOutOfTradeAndHolding_CheckTheoreticalAllocations","16638",""
"passed","unknown.MergeRules_DeleteRuleWhichDoesNotExist","392",""
"passed","unknown.Verify_TradeGen_AppendRollup_TradeExistsOnBlotter","14384",""
"passed","unknown.Verify_MBS_HandshakeModel","3492",""
"passed","unknown.WhenCheckingCompliance_FileBasedTradeEntry_RunComplianceAPI_ViolationsReported","1977",""
"passed","unknown.InsertAllocatedTradeData_InsertTradeWithDefaultTradeDateAfterStartUP_ExpectNextWeekDayDate","15417",""
"passed","unknown.WhenProcessingFill_LackingBrokerLevelSide_TheActionOnTheTradeIsUsedInTheTradeReport","926",""
"passed","unknown.Verify_TransactTime_Microsecond_Precision","1773",""
"passed","unknown.Verify_ExecBrok_PartyID_Multiple_Row_Con_Mode","12566",""
"passed","unknown.WhenAddingViewType","1350",""
"passed","unknown.TradeMerge_CollapseBlotter_Targeted_Trades_SingleElectronicBroker","6531",""
"passed","unknown.DeleteAllPositions_Success","509837",""
"passed","unknown.TradeImporter_SendToStaging_RunCasCustodianSchemesOnTargetedTrades","276",""
"passed","unknown.TradeMerge_BatchSelect_MMT_Trades_SingleNonElectronicBroker_RunCompliance_ViolationReported","7387",""
"passed","unknown.RetrieveCurrency__success","183",""
"passed","unknown.Verify_RulePriority","15359",""
"passed","unknown.BuildSymbolsUsingSymbolSourceLogicForMultipleSymbolsTest","238",""
"passed","unknown.Verify_ApprovalList_ExecBroker_In_ApprovalList_TradeGen_Expect_Fill_Successfully","21780",""
"passed","unknown.WhenUpdatingInvestmentReferenceMapping","17",""
"passed","unknown.PreUpgradeOMSTemplates","122038",""
"passed","unknown.WhenCallingNotify_RedisIsDown_FillsAreWrittenToRecoveryTable","3364",""
"passed","unknown.WhenRunningAnIndexShockOnEquityS1ImpactIsCorrectInAnalytics","377790",""
"passed","unknown.RenameSecurityInMifidTable","237",""
"passed","unknown.GetAllPositionsTest_Success","3160",""
"passed","unknown.DeletePortfolio_AllOrNothingTrue_ValidInvalid","58",""
"passed","unknown.NewHoldingsAppear","10496",""
"passed","unknown.WhenParentOrderEditSuccessExpectsClerkAccept","6012",""
"passed","unknown.WhenLoadingModelingServerColumns","5",""
"passed","unknown.CreateExchange_AllOrNothingTrue_ValidInvalid","15",""
"passed","unknown.RetrieveTrader_Success","60",""
"passed","unknown.ChangeTrader_Targeted_Trade_RunCompliance_ViolationReported","6174",""
"passed","unknown.WhenEditingChildPairsOrdersPermOnAndEMSComplianceOnlyFalse_IsSuccessful_ExpectClerkAccept","7025",""
"passed","unknown.Verify_MBS_DropModel","2138",""
"passed","unknown.Verify_QuickSend_On_Algo_Broker_OrderRouting","18029",""
"passed","unknown.WhenSellSideFillsAndAmendsAndCancelsOnMBSTrade_NotifyMRS_PerformVariousSanityChecks","81728",""
"passed","unknown.FinCalcAccruedInterest","1239",""
"passed","unknown.TradeMerge_BatchSelect_Targeted_Trades_RunCompliance_ViolationReported","6713",""
"passed","unknown.WhenGettingSecurities","18",""
"passed","unknown.WhenCheckingCompliance_ChangeTradeDetails_AfterPendingViolationsOkayed_TradeGoesToHoldStatus","7206",""
"passed","unknown.CreateTStateTradeWithIDMFieldsTestWithShortNameNotAvailable","3056",""
"passed","unknown.Verify_ExchangeFieldOnBlotter_With_Tradegen_Appned","14130",""
"passed","unknown.DeleteStrategy_AllOrNothingTrue_ValidData","55",""
"passed","unknown.WhenRemovingAllWhatIfPositionsForAllSession","1019",""
"passed","unknown.WhenDoingDataValidationFutureNoBaseSymbolErrorReported","1745",""
"passed","unknown.Verify_NewF9Trade_WithBrokerUDF_WithoutValue","20555",""
"passed","unknown.WhenGettingBenchmarkGroupsAndData","35",""
"passed","unknown.PartialRebillPartiallyFilledTradeByBrokerF5Trade","34563",""
"passed","unknown.WhenRunningScenarioOnOptionMissingUnderlyingRiskSessionLogHasError","3387",""
"passed","unknown.WhenEditingPairsOrdersFail_EDIValidation_ExpectTwoClerkReject","4024",""
"passed","unknown.DynamicPositionsLoadingWithNewTradeTest","12003",""
"passed","unknown.WhenGettingSecurityBySymbol","1091",""
"passed","unknown.TestFixOutGatewayVerifySingle","8447",""
"passed","unknown.WhenAddingStagedPairFailsCompVioAckVioExpectExchangeAcceptAckAndClerkAccept","4022",""
"passed","unknown.WhenUsingLookThroughByPortSector_LookThroughTrue","24",""
"passed","unknown.WhenCheckingCompliance_F5TradeEntry_RestrictionLevelViolationsReported_TradeNotCreated","4268",""
"passed","unknown.FlatRateBrokerCommissionTest","435",""
"passed","unknown.RetrieveBroker_ValidSuccess","109",""
"passed","unknown.CreateMStateTradeWithMinimumRequiredFieldsTest","4134",""
"passed","unknown.Verify_NewF2Trade_FixIntegration","1773",""
"passed","unknown.TradeImporter_SendToTrading_Targeted_PartiallyCommittedAndPartiallyFilled","185",""
"passed","unknown.Verify_MDO_MATCH","26126",""
"passed","unknown.RetrieveSecurityTest_NoMatchingSecurity","46",""
"passed","unknown.TradeMerge_CollapseBlotter_MMT_Trades_SingleNonElectronicBroker","7793",""
"passed","unknown.WhenExecutingColumnOperationWithNew","228",""
"passed","unknown.Verify_Execution_Correction_Append_TradeDoesNotExistOnBlotter","17140",""
"passed","unknown.Verify_LEICode_FIX42","74726",""
"passed","unknown.WhenSendingTradesForRollForward_Tolerance5000_RoundingHundredths_SimplifyDates_SendTradesCorrectly","3087",""
"passed","unknown.Verify_Ability_To_Add_Tags_To_HTFIX_Via_MMC","11658",""
"passed","unknown.CreateCrossCurrency__success","1248",""
"passed","unknown.AmountIncrease_NoChangeAveragePrice","11075",""
"passed","unknown.WhenNotifying_TraderIsProvided_ProvidedTraderIsUsed","15",""
"passed","unknown.Verify_Ability_To_Send_HTFix_Tags","1364",""
"passed","unknown.SecurityDataRequestUsingKey_RetrieveMiFiDFieldsWhenAllTrueValuesarePassed","157",""
"passed","unknown.WhenCowboyEntryFailsCompThenAckCompExpectClerkAccept","26033",""
"passed","unknown.TraderHasMultipleReferences_GetFirmLEIByTrader_StillReturnsFirmLEI","40",""
"passed","unknown.ChangeTrader_MMT_Trade_RunCompliance_ViolationReported","6610",""
"passed","unknown.TradeMerge_CollapseBlotter_Targeted_Trades_SingleNonElectronicBroker","7914",""
"passed","unknown.RollbackTStateTrade","89400",""
"passed","unknown.WhenCowboyTradeEntryExpectClerkAccept","2005",""
"passed","unknown.Verify_MultiDayOrder","278369",""
"passed","unknown.InsertOrUpdatePosition_AllOrNothingTrue_ValidData","1544",""
"passed","unknown.WhenCallingMRS_NotifyFill_NoErrorThrown","60024",""
"passed","unknown.WhenCreatingPSSymbolsHaveSomeCreatedAllValid","868",""
"passed","unknown.WhenNotifyingMRS_InelligibleLastMarket_FillISsFiltered","60451",""
"passed","unknown.WhenRunningTradeForNeed_ClosedCashBalancesFalse_ColumnValuesAreCorrect","272",""
"passed","unknown.UpdateStrategy_AllOrNothingTrue_ValidData","54",""
"passed","unknown.Verify_ExecBrok_PartyID_Single_Row_Con_Mode","19242",""
"passed","unknown.TradeImporter_SendToTrading_RunCasCustodianSchemesOnTargetedTrades","260",""
"passed","unknown.WhenEnteringASellTrade_WithSellAndShortBrokerFromF5_TOrderActionUpdatesToShort","136",""
"passed","unknown.Verify_Exec_Broker_Column_Mapping_WithStandardFIXTag","12119",""
"passed","unknown.TradeMerge_BatchSelect_Targeted_Trades","9684",""
"passed","unknown.RetrieveExchange_AllOrNothingFalse_Success","74",""
"passed","unknown.DeleteManager_AllOrNothingTrue_ValidInvalid","41",""
"passed","unknown.DoNotIncludePreferredCustodians_SendCustodiansWithZeroLocates","91355",""
"passed","unknown.WhenMovingTargetedTradesFromStagingToTradingTradesMerge_AutoMergeEnabled","26750",""
"passed","unknown.UpdateMifidFieldsOfSecurity","44",""
"passed","unknown.WhenRollingBackFromAState_TradeEntersTState","8543",""
"passed","unknown.WhenCreatingInvestmentTrackingReferenceMapping","8",""
"passed","unknown.CreateMStateTradeWithIDMFieldsTestWithGUID","3102",""
"passed","unknown.Test_RetrieveAggregatedPositions_SecurityAndPortfolio","77",""
"passed","unknown.TradeMerge_BatchSelect_MMT_Trades_MultipleNonElectronicBrokers","7453",""
"passed","unknown.ExecuteUnassociateTradesOperation_ByTradeIdsToUnassociate","10393",""
"passed","unknown.GetDefTypeUnderlyingTest","123",""
"passed","unknown.InsertOrUpdateSecurityData_InsertSecurityWithDefaultMifidFields","145",""
"passed","unknown.Verify_Algo_CancelReplace","16514",""
"passed","unknown.CreateStrategyTest_AllOrNothingTrue_ValidData","43",""
"passed","unknown.UpdateSecurityDataBatch_UpdateMifidFieldsOfSecurities","344",""
"passed","unknown.VerifySwapsAssetClass_ManualFill_NotifyMRS_Test","2470",""
"passed","unknown.UpdateBroker_AllOrNothingTrue_ValidInvalid","50",""
"passed","unknown.TestTradeRule_ManualHammer_OneFullyFilledTrade_OnePartiallyFilledTrade","5409",""
"passed","unknown.WhenChildOrderEditWithPermOffAndEMSComplianceOnlyTrue_SuccessfullyPasses_ExpectClerkAccept","6018",""
"passed","unknown.WhenGettingClientSettings","1063",""
"passed","unknown.RetrieveSecurityWithAlias1Test_NoMatchingFound","61",""
"passed","unknown.RetrieveAllTradeId","42937",""
"passed","unknown.WhenGettingInvestmentTrackingRules","60",""
"passed","unknown.InsertOrUpdateSecurityTest_Update_Success","1518",""
"passed","unknown.UpdateBroker_AllOrNothingTrue_ValidInvalidShortName","40",""
"passed","unknown.DeleteAllPositions_Null","124",""
"passed","unknown.WhenFinalizingTrade_AllocationCommissionScheduleApplied_NegativeSectype","17189",""
"passed","unknown.WhenDoingDataValidationUSOptionNoExerciseTypeErrorReported","2863",""
"passed","unknown.ComplianceRuleFiresWhenSendingTradeToTrading","32825",""
"passed","unknown.SecurityDataRequestUsingAlias1_RetrieveMiFiDFieldsWhenAllTrueValuesarePassed","171",""
"passed","unknown.TradeMerge_CollapseBlotter_Targeted_Trades_MultipleBrokers_RunCompliance_ViolationReported","7416",""
"passed","unknown.WhenNotifying_PercentagePriceTypeSecType_PriceTypeIsOne","988",""
"passed","unknown.WhenUsingLookThroughBySecurity_LookThroughFalse","262",""
"passed","unknown.WhenSecuritySwapPassesFilterAndSuccessOnSecondaryMatch","6111",""
"passed","unknown.WhenCowboyTradeEditFailEDIValidationExpectComplianceViolation","4007",""
"passed","unknown.DeleteIssuer_AllOrNothingFalse_ValidInvalid","124",""
"passed","unknown.Verify_Exec_Broker_Column_Mapping_WithDefaultSetting_WithoutExecBroker_OverFIX42","2085",""
"passed","unknown.WhenInsertOrUpdate_MergeTrades_MMT","159",""
"passed","unknown.RetrieveManager_Success","51",""
"passed","unknown.WhenSecuritySwapPassesFilterAndFailOnPrimaryMatch","8232",""
"passed","unknown.DeleteCrossCurrency__success","346",""
"passed","unknown.RetrieveAllTrade","40975",""
"passed","unknown.Verify_ApprovalList_ExecBroker_Not_In_ApprovalList_OrderRouting_Expect_Fill_DK","24055",""
"passed","unknown.Verify_ApprovalList_ExecBroker_Not_In_ApprovalList_TradeGen_Expect_Fill_DK","25152",""
"passed","unknown.WhenDoingDataValidationValidFutureReturnsNoErrors","1874",""
"passed","unknown.WhenGettingSecurityInfoSerializableBySymbol","1024",""
"passed","unknown.WhenRunningRiskReportWithOneScenarioScenarioNumbersAreCorrect","16130",""
"passed","unknown.Verify_BrokerTraderDefaultsToTradeTraderSetting_False_TradeGen_MatchAppend","35290",""
"passed","unknown.PartialRebillFullyFilledTradeByBrokerF5Trade","20805",""
"passed","unknown.WhenRunningScenarioOnOptionWithBadUnderlyingRiskSessionLogHasError","3143",""
"passed","unknown.ManualTradeRule_CreateNewTrade_WithComplianceCheck_ViolationReported","37335",""
"passed","unknown.InsertOrUpdatePosition_ExternalID_null","1508",""
"passed","unknown.Verify_IDMCodeMissing_FIX42","11660",""
"passed","unknown.WhenInsertOrUpdate_PreMA_InsertMstateTradesAsTstate","185",""
"passed","unknown.SecurityDataRequestUsingKey_RetrieveMiFiDFieldsWhendDefaultValuesarePassed","151",""
"passed","unknown.GetSICsTest","116",""
"passed","unknown.UpdateTrader_AllOrNothingFalse_ValidData","55",""
"passed","unknown.ChangeIdmForSingleAllocation","3317",""
"passed","unknown.TradeImporter_SendToTrading_MMT_And_Targeted_PartiallyCommittedAndPartiallyFilled","229",""
"passed","unknown.UpdateCustodian_AllOrNothingFalse_ValidSuccess","91",""
"passed","unknown.TestTradeRule_ManualFinalize_OneFullyFilledTrade_OnePartiallyFilledTrade","5520",""
"passed","unknown.EzeConnect45_RejectCancelReplace_C42284880","4067",""
"passed","unknown.WhenSecurityPassesDefaultFilterAndSuccessOnSecondaryMatch","6067",""
"passed","unknown.WhenPersistingSymbology_ForAnOption_UnderlyingPSSymbolIsUsedIfPopulated","3611",""
"passed","unknown.UpdateTrader_AllOrNothingFalse_ValidInvalid","86",""
"passed","unknown.InsertOrUpdateSecurityDataBatch_InsertSecuritiesWithDefaultMifidFields","1403",""
"passed","unknown.WhenParentOrderEditSwapWithWarningLevelViolationExpectsViolationAndAck","6014",""
"passed","unknown.EnterF5SellTrade_CloseOutOfTrade_CheckTheoreticalAllocations","18021",""
"passed","unknown.WhenSecuritySwapPassesDefaultFilterAndFailOnSecondaryMatch","6178",""
"passed","unknown.TradeMerge_CollapseBlotter_Targeted_Trades_MultipleElectronicBrokers","7408",""
"passed","unknown.SendTradeToStagingBlotterFromModeling","28016",""
"passed","unknown.BomRightClickSend","357335",""
"passed","unknown.WhenFinalizingTrade_BrokerFeeScheduleApplied_PositiveCountry","17267",""
"passed","unknown.Verify_TraderMatchingWithOldPartyIdStyle","3380",""
"passed","unknown.SendingLocatesForTradesImportedFromTradeImporter","100899",""
"passed","unknown.WhenExecutingRelativeColumnOperationOfUpdate","18",""
"passed","unknown.RetrieveIssuer_Success","64",""
"passed","unknown.UpdateExchange_AllOrNothingTrue_failure","32",""
"passed","unknown.WhenNotifyingMRS_TradeReportingIndicatorFlagIsSIBuyer_FillisFiltered","60269",""
"passed","unknown.UpdateCustodian_AllOrNothingTrue_ValidInvalid","20",""
"passed","unknown.CreateManager_AllOrNothingFalse_ValidData","29",""
"passed","unknown.Verify_Execution_Correction_AppendRollup_TradeExistsOnBlotter","17968",""
"passed","unknown.GetEquitySwapTcCounterParty","115",""
"passed","unknown.WhenFinalizingTrade_AllocationFeeScheduleApplied_PositiveCustodian","17261",""
"passed","unknown.WhenEditingChildOrdersStagedPairPermOffAndEMSComplianceOnlyFalse_IsSuccessful_ExpectClerkAccept","7039",""
"passed","unknown.CreatePortfolio_AllOrNothingTrue_ValidInvalid","2033",""
"passed","unknown.CreateManager_AllOrNothingTrue_ValidData","38",""
"passed","unknown.UpdateSettleCurrency_NullValue","5823",""
"passed","unknown.Verify_RightClickSend","2374",""
"passed","unknown.SendLocates","1654",""
"passed","unknown.CheckInventoryUpdatesForNonLocateEnabledSecTypesAfterRestartOfStockLoanService","195186",""
"passed","unknown.WhenCowboyEntrySwapFailsCompThenAckCompExpectClerkAccept","286561",""
"passed","unknown.WhenSecurityPassesFilterAndSuccessOnPrimaryMatch","6025",""
"passed","unknown.Verify_Execution_Cancellation_Append_TradeExistsOnBlotterAndCommitedToBroker","19662",""
"passed","unknown.CreatetradewithOrderSideasSell","2435",""
"passed","unknown.WhenNotifying_NonPercentagePriceTypeSecType_PriceTypeIsTwo","1037",""
"passed","unknown.WhenGettingBreakdownKeys","21",""
"passed","unknown.WhenFinalizingSellTrade_WithImpliedBrokerCommission_CalculationCorrect","18458",""
"passed","unknown.WhenGettingComplianceFilters","1022",""
"passed","unknown.InsertAllocatedTradeData_InsertTradeWithSpecificTradeDateAfterStartUP_ExpectSpecificDate","15472",""
"passed","unknown.WhenRunningTradeForNeed_ClosedCashBalancesTrue_Tolerance6000_ColumnValuesAreCorrect","341",""
"passed","unknown.WhenNotifying_CurrencyIsProvided_ProvidedCurrencyIsUsed","13",""
"passed","unknown.DeleteIssuer_AllOrNothingTrue_ValidData","62",""
"passed","unknown.WhenProcessingWhatIfPositions","1091",""
"passed","unknown.UpdateBrokerDestination_ErrorMessage","3198",""
"passed","unknown.DeleteCustodian_IsAllorNothingFalse_Success","108",""
"passed","unknown.WhenGettingInvestmentTrackingTransactionsByDateTime","6",""
"passed","unknown.GetInventoryItem_SendCustodiansWithZeroLocates","90577",""
"passed","unknown.WhenInvokingFilterLogic_EditOfAnUnreportedFill_FilterResultPassed","17",""
"passed","unknown.CreatetradewithOrderSideasCover","35990",""
"passed","unknown.RetrieveByFilterPosition_RetrieveByCustodianSymbolFilterPositionTest","2060",""
"passed","unknown.WhenGettingXDimensionAvailableValues","1032",""
"passed","unknown.VerifyOptionsAssetClass_ManualFill_NotifyMRS_Test","4472",""
"passed","unknown.UpdateManager_AllOrNothingTrue_ValidInvalid","41",""
"passed","unknown.CreateCurrency__IsAllNothingTrue_Failure","16",""
"passed","unknown.WhenRunningAdjustHedge_Tolerance0_RoundingHundredths_ColumnValuesAreCorrect","313",""
"passed","unknown.WhenGettingCurrencyDropdown","1033",""
"passed","unknown.Verify_EDMCode_FIX44","11799",""
"passed","unknown.DeleteLocateRows","4516",""
"passed","unknown.WhenEditingChildPairsOrdersPermOnAndEMSComplianceOnlyTrue_IsSuccessful_ExpectClerkAccept","4025",""
"passed","unknown.Verify_TradeGen_ACK","19183",""
"passed","unknown.CreateMStateTradeWithIDMFieldsTestWithShortName","2507",""
"passed","unknown.WhenChildOrderEntryTsValidationFailsExpectReject","4010",""
"passed","unknown.SecurityDataRequestUsingKeys_RetrieveMiFiDFieldsWhendDefaultValuesarePassed","361",""
"passed","unknown.WhenChildOrderEditWithPermOnAndEMSComplianceOnlyTrue_Passes_ExpectClerkAccept","8020",""
"passed","unknown.WhenNotifying_CancellingAFillThatWasFiltered_NoMessagesAreSent","449",""
"passed","unknown.NetPositionForPartiallyBoxedSod","15562",""
"passed","unknown.WhenGettingCurrency","11",""
"passed","unknown.WhenEditingChildPairsOrdersPermOffAndEMSComplianceOnlyFalse_FailEdiValidation_ExpectTwoClerkReject","4022",""
"passed","unknown.GetCfdTcCounterParty","130",""
"passed","unknown.WhenEditingChildOrdersStagedPairPermOffAndEMSComplianceOnlyFalse_FailComplianceViolation_ExpectClerkAccept","12839",""
"passed","unknown.WhenGettingAllPositionLevelCalcs","136",""
"passed","unknown.WhenInsertingNewSecurity_RiskServiceGeneratesSymbology","3069",""
"passed","unknown.DeleteIssuer_AllOrNothingFalse_ValidData","68",""
"passed","unknown.TradeMerge_CollapseBlotter_MMT_Trades_MultipleElectronicBrokers","11035",""
"passed","unknown.LoadAllPositions","462855",""
"passed","unknown.WhenInsertOrUpdate_MergeTrades_Targeted_WithBrokers","567",""
"passed","unknown.WhenParentOrderEditWithAllocationSchemeNotDefinedExpectsComplianceViolationResponse","5012",""
"passed","unknown.Verify_LEICode_FIX44","13181",""
"passed","unknown.WhenAddingNewBrokerBrokerIsReturned","5360",""
"passed","unknown.EnterF5SellTrade_CloseOutOfHolding_CheckTheoreticalAllocations","1245",""
"passed","unknown.PerUnitBrokerFeeTest","930",""
"passed","unknown.Verify_BrokerValidationForLocateId","12710",""
"passed","unknown.UpdateBroker_AllOrNothingFalse_ValidInvalidShortNameSize","62",""
"passed","unknown.WhenCallingNotify_EnsureOrderIsMaintained","1947",""
"passed","unknown.WhenUsingLookThroughBySecurity_LookThroughFalse_Strategies","75",""
"passed","unknown.WhenGettingClientStartupData","2250",""
"passed","unknown.DeleteManager_AllOrNothingFalse_ValidData","52",""
"passed","unknown.WhenCowboyEntryFailsComplianceViolaction_AckViolation_ExpectExchangeAcceptAckAndClerkAccept","4021",""
"passed","unknown.TestTradeRule_AutoFinalize_PartiallyFinalized","20226",""
"passed","unknown.WhenTestingParentOrderEntryWithCustodianDoesNotExistExpectsClerkReject","2108",""
"passed","unknown.Verify_ExecBrok_PartyID_Rows_with_Leading_or_Trailing_spaces_in_Con_Mode","14141",""
"passed","unknown.RetrieveSecurityWithAlias1Test_Success","363",""
"passed","unknown.WhenRunningAnIndexShockOnEquityS1ExposureIsCorrectInAnalytics","2",""
"passed","unknown.Verify_IDMCode_FIX42","11439",""
"passed","unknown.ExecuteUnasociateTradesOperation_InvalidRequest","19",""
"passed","unknown.WhenGettingFullViewData","12",""
"passed","unknown.ChangeManager_MMT_Trade","5229",""
"passed","unknown.WhenNotifying_ClearingIntentionNotSet_ClearingIntetionIsZero","1036",""
"passed","unknown.Verify_CancelExecution","7584",""
"passed","unknown.WhenGettingPortfolioInfoByName","53",""
"passed","unknown.WhenRMAingTrade_TradeEntersMState","6958",""
"passed","unknown.WhenRunningTradeForNeed_ClosedCashBalancesTrue_ColumnValuesAreCorrect","395",""
"passed","unknown.Verify_CustomRepeatingGroup_Tradegen_TradeDoesntExistOnBlotter","15058",""
"passed","unknown.ExecuteAssociateTradesOperation_TargetTrades","11258",""
"passed","unknown.TestTradeRule_AutoBreakOutManagerAllocation","5112",""
"passed","unknown.InsertOrUpdateSecurityTest_Insert_Failure","36",""
"passed","unknown.GetPositions_GetPositionByCustom1_Success","3027",""
"passed","unknown.Verify_AmountRuleAddBroker","12130",""
"passed","unknown.Verify_Cancel","2183",""
"passed","unknown.ChangeManager_MMT_Trade_RunCompliance_ViolationReported","7105",""
"passed","unknown.WhenRunningIVolScenarioOnValidOptionPutOptionPricesCorrectly","3127",""
"passed","unknown.RetrieveStrategyTest_Success","55",""
"passed","unknown.Verify_ManagerMatchingWithOldPartyIdStyle","3014",""
"passed","unknown.CreateTStateTradeWithIDMFieldsTestWithGUIDNotAvailable","2100",""
"passed","unknown.WhenGettingSecuritiesWithByXSecurityProperties","1026",""
"passed","unknown.TestTradeRule_AutoCreateNewMStateStagedHedge","5302",""
"passed","unknown.TradeMerge_BatchSelect_MMT_TradesWithNonOverlappingManagerAllocations","6074",""
"passed","unknown.Verify_IOI","2107",""
"passed","unknown.ViewFullyRealizedPositions","13918",""
"passed","unknown.WhenSecurityPassesDefaultFilterAndFailOnSecondaryMatch","8102",""
"passed","unknown.RetrieveTStateTrade","72166",""
"passed","unknown.WhenCheckingCompliance_APITradeEntry_SaveTradeWorklow_ViolationsReported","114",""
"passed","unknown.TradeMerge_BatchSelect_MMT_Trades_SingleElectronicBroker","3407",""
"passed","unknown.Verify_EDMCode_FIX42","11627",""
"passed","unknown.WhenRunningAnIndexShockOnEquityS1PriceStarIsCorrectInAnalytics","3",""
"passed","unknown.WhenAddingStagedPairsOneLegFailsTSValidationExpectPendingComplianceViolation","2008",""
"passed","unknown.Verify_Ability_To_Add_Tags_To_HTFIX","11058",""
"passed","unknown.Verify_StoringCompdealerCodes_In_TC_BestExecution_Using_Tradegen_ForFillCancellation","26217",""
"passed","unknown.WhenGettingDrillDownForAggregation","1257",""
"passed","unknown.WhenBatchingProcessWhatIfPositions","3223",""
"passed","unknown.WhenExecutingRelativeColumnOperationOfRemove","1025",""
"passed","unknown.WhenRunningIVolScenarioOnValidOptionCallOptionPricesCorrectly","3384",""
"passed","unknown.WhenTestingParentOrderEditSwapWithCustodianDoesNotExistExpectsClerkReject","4011",""
"passed","unknown.WhenSecuritySwapPassesFilterAndAutoCreate","5027",""
"passed","unknown.WhenCheckingCompliance_InsertOrUpdate_ComplianceViolationsAreOverriden","5696",""
"passed","unknown.RetrieveeCustodian_IsAllFalse_InvalidInvalid","29",""
"passed","unknown.WhenGettingRulesTheRulesAreReturned","150",""
"passed","unknown.AddLocates","1237",""
"passed","unknown.VerifyLocatesRequest_WhenAutoGenSettingIsTwo","86363",""
"passed","unknown.WhenEditingStagedPairOrdersFailsTSExpectPendingComplianceViolation","4018",""
"passed","unknown.ArchiveRolloverTStateTrades","18334",""
"passed","unknown.CreateManager_AllOrNothingTrue_ValidInvalid","23",""
"passed","unknown.WhenEditingChildPairsOrdersPermOnAndEMSComplianceOnlyFalse_FailEdiValidation_ExpectTwoClerkReject","4019",""
"passed","unknown.UpdateCountry_Success","69",""
"passed","unknown.CreateCustodian_AllOrNothingTrue_ValidInvalidCustodianName","24",""
"passed","unknown.Verify_ApprovalList_ExecBroker_No_Associated_ApprovalList_PassThroughWithoutCheck_OrderRouting","1123",""
"passed","unknown.WhenAddingPairsOrderOneLegFailsEDIValidationExpectPendingClerkReject","2008",""
"passed","unknown.UpdateSettleCurrency_NotNull","2598",""
"passed","unknown.WhenGettingByXSecurityUpdates","1038",""
"passed","unknown.CreateTStateTradeWithMinimumRequiredFieldsTest","89000",""
"passed","unknown.Verify_OutBound_Broker_Override","20490",""
"passed","unknown.WhenCallingNotify_WhileBouncingRedis_AllFillsAreSent","119703",""
"passed","unknown.TradeImporter_SaveAndThenUpdateGlobalUserSettings","1123",""
"passed","unknown.WhenUsingRuleCreationScript_CheckingDbForRulePresent_Success","308",""
"passed","unknown.WhenGettingPortfolioDropdown","54",""
"passed","unknown.AddValidSupplementalFillDatatoTradewithMultipleBrokerFills","3013",""
"passed","unknown.WhenFinalizingTrade_AllocationFeeScheduleApplied_NegativeCustodian","15757",""
"passed","unknown.DeletePortfolio_AllOrNothingFalse_Valid","210",""
"passed","unknown.Verify_BrokerTraderDefaultsToTradeTraderSetting_False_TradeGen_MatchRollUp","35249",""
"passed","unknown.WhenNotifying_PriceIsCorrect","1036",""
"passed","unknown.Verify_Exec_Broker_Column_Mapping_WithCustomFIXTag","12453",""
"passed","unknown.WhenDoingDataValidationUSOptionNoOptionTypeErrorReported","1470",""
"passed","unknown.ChangeSettleCurrency_NoChangeAmountOrPrice","17790",""
"passed","unknown.Verify_Exec_Broker_Column_Mapping_WithPartyRepeatingGroup_Case1","12122",""
"passed","unknown.ExecuteUnassociateTradesOperation_ByAssociationID","10411",""
"passed","unknown.WhenGettingTradesCreatedTradeIsReturned","5141",""
"passed","unknown.DoNotIncludePreferredCustodians_DoNotSendCustodiansWithZeroLocates","89446",""
"passed","unknown.Verify_Exec_Broker_Column_Mapping_WithPartyRepeatingGroup_Case2","12391",""
"passed","unknown.WhenNotifyingMRS_TraderIsAssociatedToNonMifidFirm_MutlipleFillsSentOnlyOneMessageLogged","60685",""
"passed","unknown.Verify_TradeGen_Append_TradeDoesNotExistOnBlotter","14106",""
"passed","unknown.DeletePortfolio_AllOrNothingTrue_ValidData","71",""
"passed","unknown.FinalizeTradeWithMultipleBrokers","26737",""
"passed","unknown.WhenSecurityPassesDefaultFilterAndFailOnPrimaryMatch","6107",""
"passed","unknown.WithMultipleManualFillsAndAmendsAndCancels_NotifyMRS_PerformVariousSanityChecks","15746",""
"passed","unknown.WhenTestingParentOrderEditWithCustodianDoesNotExistExpectsClerkReject","4010",""
"passed","unknown.WhenGettingPositionProperties","1028",""
"passed","unknown.DeletePosition_DeletePositionByPortfolioTest_AllOrNothingTrue_ValidInvalid","3335",""
"passed","unknown.Verify_OutboundOverrideRule_WithTagName","41714",""
"passed","unknown.CreatetradewithOrderSideasShort","3672",""
"passed","unknown.WhenUpdatingInvestmentTrackingRules","18",""
"passed","unknown.WhenFinalizingTrade_WithImpliedBrokerCommission_CalculationCorrect","18179",""
"passed","unknown.DeleteManager_AllOrNothingFalse_ValidInvalid","87",""
"passed","unknown.WhenSendingTradesForAdjustHedge_Tolerance5000_Rounding100_SimplifyDates_LTTrue_SendTradesCorrectly","2378",""
"passed","unknown.Verify_DFD","2285",""
"passed","unknown.WhenGetitingDetailViweColumnList","1154",""
"passed","unknown.TradeImporter_SendToStaging_AfterAddressingComplianceViolations","162",""
"passed","unknown.WhenGettingInvestmentDecisionMakers","23",""
"passed","unknown.ChangeManager_Targeted_Trade_RunCompliance_ViolationReported","6237",""
"passed","unknown.WhenNotifying_WithoutClientLEI_ClientLEIIsRetrieved","61905",""
"passed","unknown.VerifyBondsAssetClass_ManualFill_NotifyMRS_Test","65561",""
"passed","unknown.DeletePosition_DeletePositionByExternalIDTest_Failure","2028",""
"passed","unknown.WhenEditintChildOrderToSPIsSuccessfulExpectTwoClerkAccept","6021",""
"passed","unknown.WhenGettingInvestmentTrackingTransactionsByTransactionId","22",""
"passed","unknown.WhenEditingChildPairsOrdersPermOffAndEMSComplianceOnlyTrue_FailComplianceValidationAndAck_ExpectExchangeAcceptAck","360856",""
"passed","unknown.Verify_Mifid_ListMode2","86755",""
"passed","unknown.Test_RetrievePositionLots_WhenAnalyticsServiceDown_Except500","39934",""
"passed","unknown.SendLocatesOnTradeEntry","9143",""
"passed","unknown.AddingLocatesForTradesImportedFromTradeImporter","96846",""
"passed","unknown.RetrieveCountry_Success","64",""
"passed","unknown.WhenPersistingSymbology_SecTypeOverridesAreRespected","4509",""
"passed","unknown.Verify_TradeGen_AppendRollup_TradeDoesNotExistOnBlotter","14118",""
"passed","unknown.Verify_QND_MDO_PartiallyFilledGTC_Order_Status","25098",""
"passed","unknown.TradeMerge_BatchSelect_MergeBrokers","24089",""
"passed","unknown.WhenInsertOrUpdate_MergeTrades_MMT_WithStrategies","249",""
"passed","unknown.WhenSecurityPassesDefaultFilterAndSuccessOnPrimaryMatch","6024",""
"passed","unknown.WhenCreatingPSSymbolsTheyGetPersisted","3032",""
"passed","unknown.WhenChildOrderEntryEdiValidationFailsExpectReject","4011",""
"passed","unknown.WhenPersistingSymbology_ForAnOption_UnderlyingPSSymbolIsGeneratedIfNotPopulated","3642",""
"passed","unknown.AEXPostTradeSequenceTest","2614",""
"passed","unknown.WhenEditingChildPairsOrdersPermOnAndEMSComplianceOnlyFalse_FailComplianceValidationAndAck_ExpectExchangeAcceptAck","6030",""
"passed","unknown.WhenRunningScenarioOnValidOptionPutRiskSessionLogHasNoErrors","3906",""
"passed","unknown.DeleteSecurityTest_Success","716",""
"passed","unknown.TradeMerge_BatchSelect_Targeted_Trades_MultipleNonElectronicBrokers","8543",""
"passed","unknown.WhenEditingChildPairsOrdersPermOffAndEMSComplianceOnlyFalse_FailComplianceValidation_ExpectExchangeAcceptAck","8035",""
"passed","unknown.NewTradesAppear","7529",""
"passed","unknown.WhenSecurityPassesFilterAndAutoCreate","3017",""
"passed","unknown.InsertOrUpdateSecurityDataBatch_UpdateMifidFieldsOfSecurities","564",""
"passed","unknown.WhenSecurityPassesDefaultFilterAndMultipleMatchWillFail","6194",""
"passed","unknown.WhenRunningScenarioOnOptionMissingExcerciseTypeRiskSessionLogHasError","23308",""
"passed","unknown.WhenEditingChildPairsOrdersPermOffAndEMSComplianceOnlyTrue_FailEdiValidationWithEmptyBroker_ExpectTwoClerkReject","4017",""
"passed","unknown.WhenRunningScenarioOnExpiredOptionRiskSessionLogHasError","3647",""
"passed","unknown.WhenAddingPairsOrderOneLegFailsTSValidationExpectPendingComplianceViolation","2008",""
"passed","unknown.WhenUsingLookThroughBySecurity_LookThroughTrue_SOD","316",""
"passed","unknown.Verify_ExecBroker_TradeGen_AppendRollup_TradeExistsOnBlotter","15046",""
"passed","unknown.TradeMerge_CollapseBlotter_Targeted_Trades","6785",""
"passed","unknown.WhenNotifyingMRS_SecurityFilterOnAndNonEligibleSecurity_MultilleFillsSentOnlyOneMessageLogged","61206",""
"passed","unknown.WhenNotifyingMRS_DoNotSubmitToAPA_FillISsFiltered","60647",""
"passed","unknown.MergeRules_GetAll","212491",""
"passed","unknown.WhenNotifying_WithClientLEI_ClientLEIIsUsed","935",""
"passed","unknown.RetrieveByFilterPosition_RetrieveByPortfolioFilterPositionTest","1568",""
"passed","unknown.WhenChildOrderEditWithPermOffAndEMSComplianceOnlyFalse_TsValidation_ExpectReject","6018",""
"passed","unknown.WhenDoingDataValidationOptionNoCountryErrorReported","1474",""
"passed","unknown.ChangeTrader_Targeted_Trade_ValidTrader","6355",""
"passed","unknown.WhenParentOrderEntryWithAllocationSchemeNotDefinedExpectsComplianceViolationResponse","2109",""
"passed","unknown.RetrieveBroker_IsAllTrue","61",""
"passed","unknown.VerifyLocatesRequest_WhenAutoGenSettingIsZero","87859",""
"passed","unknown.TradeImporter_SendToTrading_ClosingTransaction_InsertMStateAsTstate","699",""
"passed","unknown.Drop_Copy_Matching_With_No_Broker","1735",""
"passed","unknown.FlatRateBrokerFeeTest","1463",""
"passed","unknown.TestTradeRule_AutoFinalize_FullyFinalized","20240",""
"passed","unknown.TradeMerge_CollapseBlotter_MMT_Trades_MultipleNonElectronicBrokers_RunCompliance_ViolationReported","7434",""
"passed","unknown.Verify_Firm_With_Multiple_Leis","10618",""
"passed","unknown.WhenGettingViewTypeList","177",""
"passed","unknown.WhenChildOrderEditWithPermOnAndComplianceOnlyFalse_EdiValidation_ExpectReject","6019",""
"passed","unknown.InsertOrUpdatePosition_AllOrNothingFalse_ValidInvalid","3094",""
"passed","unknown.Drop_Copy_Matching_With_Broker","708",""
"passed","unknown.CreateBroker_AllOrNothingTrue_ValidAndNull","24",""
"passed","unknown.WhenGettingInvestmentTrackingTransactions","16",""
"passed","unknown.Verify_ManagerMatchingWithNewPartyIdStyle","3025",""
"passed","unknown.CreateExchange_AllOrNothingFalse_ValidInvalid","113",""
"passed","unknown.TradeImporter_SendToTrading_AfterAddressingComplianceViolations","1505",""
"passed","unknown.UpdateCurrency__success","177",""
"passed","unknown.Verify_TransactionTimeMicrosecondPrecisionOrderRouting","4136",""
"passed","unknown.WhenNotifying_TransparencyFlagsAreSet","1044",""
"passed","unknown.WhenCreate_Sc1TargetTrade_VerifyAnalyticsGrid_Success","2125",""
"passed","unknown.ValidateSubscriptionTest","241",""
"passed","unknown.AmountIncrease_IncreaseAveragePrice","12800",""
"passed","unknown.WhenDeletingTradesNoTradesAreReturned","5193",""
"passed","unknown.DeletePosition_DeletePositionByExternalIDTest_AllOrNothingFalse_ValidInvalid","3335",""
"passed","unknown.WhenNotifyingMRS_MifidEligibleBrokerBuy_FillISsFiltered","60930",""
"passed","unknown.WhenSendingTradesForFXForwardCombo_ClosedCashBalancesTrue_Tolerance0_RoundingHundredths_SendTradesCorrectly","10079",""
"passed","unknown.WhenNotifying_TransactTimeIsCorrect","1071",""
"passed","unknown.WhenSecuritySwapPassesDefaultFilterAndSuccessOnPrimaryMatch","12043",""
"passed","unknown.Verify_BrokerTraderDefaultsToTradeTraderSetting_True_TradeGen_Append","15072",""
"passed","unknown.UpdatePortfolio_AllOrNothingFalse_ValidData","112",""
"passed","unknown.Verify_IDMCode_FIX44","10812",""
"passed","unknown.CreateIssuer_AllOrNothingFalse_ValidData","2034",""
"passed","unknown.InsertSecurityData_InsertSecuritiesWithDefaultMifidFields","181",""
"passed","unknown.WhenNotifying_AmmendingAFillThatWasNotFiltered_SendsAmmendment","5047",""
"passed","unknown.DeleteTrader_AllOrNothingFalse_ValidInvalid","86",""
"passed","unknown.ChangeTrader_Targeted_Trade_ProcessUserOverridingComplianceAction","6501",""
"passed","unknown.WhenGettingScenarioNames_ScenarioNamesAreReturned","8",""
"passed","unknown.WhenEditingStagedPairFailsCompVioAckVioExpectExchangeAcceptAck","6028",""
"passed","unknown.WhenCreate_Sc1Trade_Get_Success","2515",""
"passed","unknown.InsertOrUpdateSecurityDataBatch_InsertSecuritiesWithMifidFields","156",""
"passed","unknown.WhenNotifying_NotionalCurrencyIsCorrect","732",""
"passed","unknown.GetPositions_GetPositionByExternalID_null","1510",""
"passed","unknown.Verify_HardMatchRollup_ForEnableDKTrue","28008",""
"passed","unknown.RequestAdditionalLocatesPerCustodian","10465",""
"passed","unknown.WhenRunningAScenario_DatafeedHasNoPrice_RiskServiceGetsPriceFromAnalyticsInAnalytics","3097",""
"passed","unknown.Verify_QuickSend_On_Non_Algo_Broker_OrderRouting","15332",""
"passed","unknown.RetrieveSecurityTest_Failure","7",""
"passed","unknown.CreatetradeWithAllowNoPositionCheckFALSEAndByPassPositionCheckingFALSE","31825",""
"passed","unknown.WhenRunningAnIndexShockOnEquityS1DeltaAdjExposureIsCorrectInAnalytics","2",""
"passed","unknown.TradeImporter_SendToStaging_MMT_And_Targeted","109",""
"passed","unknown.Verify_StoringCompdealerCodes_In_TC_BestExecution_WhichDoesntHaveCompdealerID","22544",""
"passed","unknown.WhenRunningScenarioRecieveDoneCallback","5",""
"passed","unknown.WhenChildOrderEditWithPermOnAndEMSComplianceOnlyTrue_EdiValidationFails_ExpectReject","6018",""
"passed","unknown.UpdateManager_AllOrNothingFalse_ValidInvalid","74",""
"passed","unknown.TradeMerge_CollapseBlotter_MMT_Trades_SingleElectronicBroker","6096",""
"passed","unknown.ChangeManager_MMT_Trade_ProcessUserOverridingComplianceAction","6207",""
"passed","unknown.Test_RetrievePositionLots","70",""
"passed","unknown.Verify_BrokerTraderDefaultsToTradeTraderSetting_True_TradeGen_AppendRollup","15305",""
"passed","unknown.Verify_ExchangeFieldOnBlotter_With_Tradegen_AppnedRollup","14134",""
"passed","unknown.InsertSecurityWithDefaultMifidFields","65",""
"passed","unknown.CreatetradewithOrderSideasBuy","4700",""
"passed","unknown.WhenEditingChildPairsOrdersPermOffAndEMSComplianceOnlyTrue_IsSuccessful_ExpectClerkAccept","4019",""
"passed","unknown.WhenGettingCurrencySpotRates","27",""
"passed","unknown.WhenChildOrderEditWithPermOffAndEMSComplianceOnlyTrue_ComplianceViolation_ExpectClerkAccept","6031",""
"passed","unknown.DeleteCustodian_IsAllorNothingTrue_Failure","45",""
"passed","unknown.DeleteCurrency__success","189",""
"passed","unknown.WhenExecutingColumnOperationWithDelete","75",""
"passed","unknown.ClearSelectedFromGrid","16173",""
"passed","unknown.WhenGeneratingPSSymbolsValidFutureIsPersisted","1912",""
"passed","unknown.CreateIssuerWithMinimumRequiredFieldsTest","2569",""
"passed","unknown.GetTcCountryTest","332",""
"passed","unknown.RetrieveMStateTradeToVerifyStrategiesinLots","5432",""
"passed","unknown.RequestHierarchyComparisonTest","49579",""
"passed","unknown.Verify_TradeGen_Append_TradeExistsOnBlotter","15119",""
"passed","unknown.ChangeTrader_MMT_Trade_ValidTrader","6567",""
"passed","unknown.Verify_TradeGen_MatchAppend_BrokerCommitted","14179",""
"passed","unknown.CreateTrader_AllOrNothingTrue_ValidInvalid","23",""
"passed","unknown.AddValidSupplementalFillDatatoTradewithTwoAllocations","2269",""
"passed","unknown.TradeMerge_BatchSelect_MMT_TradesWithSomeOverlappingManagerAllocations","5587",""
"passed","unknown.GetRunningSessionsTest","12",""
"passed","unknown.DeleteCustodian_IsAllorNothingTrue_Success","60",""
"passed","unknown.ImportAuthenticationTest","239263",""
"failed","unknown.BomAddBrokerUDF","41181",""
"passed","unknown.SecurityDataRequestUsingAlias1_RetrieveMiFiDFieldsWhenAllFalseValuesarePassed","156",""
"passed","unknown.WhenShuttingDownProxy_QueueIsEmpty_ShutdownReturns","272",""
"passed","unknown.RequestAddtionalLocates","10177",""
"passed","unknown.WhenSavingIntradayChartingSettings","1282",""
"passed","unknown.InsertAllocatedTradeData_InsertTradeWithDefaultTradeDateBeforeStartUP_ExpectWeekDayDate","28708",""
"passed","unknown.WhenGettingTradesAllTradesAreReturned","5434",""
"passed","unknown.Verify_Exec_Broker_Column_Mapping_WithDefaultSetting_WithExecBroker_OverFIX42","2078",""
"passed","unknown.RetrieveTrader_Failure","19",""
"passed","unknown.WhenDoingDataIntegrityCheck_ForANewlyTradedSymbol_ResultsAreReturned","6769",""
"passed","unknown.WhenEditingChildPairsOrdersPermOnAndEMSComplianceOnlyTrue_FailEdiValidationWithMissingCustodian_ExpectTwoClerkReject","4019",""
"passed","unknown.Verify_BrokerTraderDefaultsToTradeTraderSetting_False_TradeGen_HardMatchRollUp","36120",""
"passed","unknown.TestTradeRule_AutoEditTradeManager","5108",""
"passed","unknown.WhenUpdatingInvestmentTrackingTransactions","16",""
"passed","unknown.Test_RetrieveAggregatedPositions_Security","50893",""
"passed","unknown.RenameSecurityTest_Success","407",""
"passed","unknown.GroupedRowWhatIfToTradingTest","50581",""
"passed","unknown.WhenInvokingFilterLogic_NullRequest_FilterResultUnknown","2",""
"passed","unknown.WhenMovingTradesBackAndForthBetweenStagingAndTradingTradesExistOnBlotters","7955",""
"passed","unknown.Verify_TradeGen_MatchRollup_BrokerCommitted","12177",""
"passed","unknown.DeleteCountry_Success","121",""
"passed","unknown.CreateManager_AllOrNothingFalse_ValidInvalid","260",""
"passed","unknown.WhenBatchFinalizingPartTrades_TcTradeAlcTFUpdateCorrectly","23984",""
"passed","unknown.TradeMerge_CollapseBlotter_Targeted_Trades_MultipleNonElectronicBrokers","9234",""
"passed","unknown.WhenChildOrderEditWithPermOnAndEMSComplianceOnlyTrue_PassesWithCompliance_ExpectClerkAccept","8021",""
"passed","unknown.WhenNotifyingMRS_MifidEligibleBrokerBuy_MultipleFillsSentOneMessageLogged","60698",""
"passed","unknown.WhenGettingGrpPrtRelations","1014",""
"passed","unknown.Verify_BrokerTraderDefaultsToTradeTraderSetting_True_TradeGen_MatchAppend","15058",""
"passed","unknown.WhenProcessingInvestmentTrackingRules","36",""
"passed","unknown.CreateCountry_AllOrNothingTrue_ValidInvalid","22",""
"passed","unknown.WhenRunningAnIndexShockOnEquityS1MTMValueStarIsCorrectInAnalytics","2",""
"passed","unknown.InsertSecurityData_InsertSecuritiesWithMifidFields","138",""
"passed","unknown.Verify_Exec_Broker_Column_Mapping_WithStandardFIXTag_OverFIX42","14057",""
"passed","unknown.WhenEnteringASellTrade_WithBrokerFromF5_TOrderActionUpdatesToSell","312",""
"passed","unknown.WhenNotifying_AmountIsCorrect","1038",""
"passed","unknown.Verify_CustomRepeatingGroup_OrderRouting","17529",""
"passed","unknown.WhenRunningFXForwardCombo_ClosedCashBalancesTrue_Tolerance0_RoundingHundredths_ColumnValuesAreCorrect","312818",""
"passed","unknown.WhenInvalidateWithoutRecreateServerCache","1013",""
"passed","unknown.WhenCreate_Sc1Trades_Oversell_VerifyAnalyticsGrid_Success","3262",""
"passed","unknown.Verify_ApprovalList_ExecBroker_No_Associated_ApprovalList_PassThroughWithoutCheck_TradeGen","734",""
"passed","unknown.Verify_Sending_Outbound_Action_Rule","30594",""
"passed","unknown.Verify_TradeGen_MatchAppend_BrokerNotCommitted","15137",""
"passed","unknown.WhenChildOrderEditWithPermOffAndEMSComplianceOnlyFalse_Successful_ExpectClerkAccept","6020",""
"passed","unknown.WhenChildOrderEditWithPermOnAndEMSComplianceOnlyFalse_WithComplianceViolation_ExpectClerkAccept","8018",""
"passed","unknown.WhenSendingTradesForTradeForNeed_ClosedCashBalancesTrue_SendTradesCorrectly","2182",""
"passed","unknown.WhenInvokingFilterLogic_UnsupportedFIXTransType_FilterResultUnknown","3",""
"passed","unknown.Verify_QND_MDO_ExpireTime_Persist_On_MBS_DropCopy","34324",""
"passed","unknown.WhenUpdatingInvestmentDecisionMakers","25",""
"passed","unknown.WhenFinalizingTrade_WithCommissionBrokerOverride_CalculationCorrect","21612",""
"passed","unknown.WhenGettingCustomColumnDependencyListByType","38",""
"passed","unknown.Verify_TransactionTimeMicrosecondPrecisionDropCopy","562",""
"passed","unknown.WhenGettingSecurityListBySymbols","4093",""
"passed","unknown.WhenUsingLookThrough_UpdateCompositePosition","40422",""
"passed","unknown.CreatePortfolio_AllOrNothingTrue_ValidData","61",""
"passed","unknown.DeleteTrader_AllOrNothingTrue_ValidInvalid","39",""
"passed","unknown.WhenSellSideFillsAndAmendsAndCancelsOnTradeGenTradeWithNoExistingTradeOnTheBlotter_NotifyMRS_PerformVariousSanityChecks","10519",""
"passed","unknown.CdmsOmsSqlSchemaComparison","94623",""
"passed","unknown.InsertSecurityDataBatchWithMifidFields","69",""
"passed","unknown.UpdateTrader_AllOrNothingTrue_ValidInvalid","40",""
"passed","unknown.DeleteIssuer_AllOrNothingTrue_ValidInvalid","42",""
"passed","unknown.DeleteSecurityTest_Failure","23",""
"passed","unknown.AmountSame_IncreaseAveragePrice","11361",""
"passed","unknown.InsertAllocatedTradeData_InsertTradeWithSpecificTradeDateBeforeStartUP_ExpectSpecificDate","24862",""
"passed","unknown.CreatetradewithExchangeEIDOSEC1","2988",""
"passed","unknown.Verify_Execution_Cancellation_Match","15562",""
"passed","unknown.ImportInventory","6353",""
"passed","unknown.TradeImporter_SendToStaging_MMT","125",""
"passed","unknown.WhenExecutingColumnOperationWithUpdate","25",""
"passed","unknown.WhenSecurityPassesDefaultFilterAndAutoCreate","3030",""
"passed","unknown.GetInventoryItem_DoNotIncludeCustodiansWithZeroLocates","91446",""
"passed","unknown.SingleBrokerFullyFilledF5Trade","407344",""
"passed","unknown.TradeMerge_BatchSelect_Targeted_Trades_SingleNonElectronicBroker","6705",""
"passed","unknown.Verify_Exec_Broker_Column_Mapping_WithoutExtraFIXTag","2117",""
"passed","unknown.SendTradeToTradingBlotterFromModeling","19453",""
"passed","unknown.Test_RetrievePositionLots_CreateTradeValidatePositions","16197",""
"passed","unknown.WhenRunningAdjustHedge_Tolerance0_RoundingHundredths_LTTrue_ColumnValuesAreCorrect","332",""
"passed","unknown.CreateCustodian_AllOrNothingFalse_Valid","29",""
"passed","unknown.WhenNotifying_AmmendingAFillThatWasFiltered_AmmendmentPassesFilterSendsNew","1214",""
"passed","unknown.WhenFinalizingTrade_BrokerFeeScheduleApplied_NegativeCountry","17635",""
"passed","unknown.CreateTStateTradeWithIDMFieldsTestWithGUID","3920",""
"passed","unknown.DualBrokerFullyFilledF5Trade","20840",""
"passed","unknown.Verify_BasicIncomingOverride","41033",""
"passed","unknown.Verify_NewF5Trade_FixIntegration","834",""
"passed","unknown.EnterF5BuyTrade_CheckTheoreticalAllocations","2690",""
"failed","unknown.F5FullyFilledRebillTradesTest","380314",""
"passed","unknown.CreateCustodian_AllOrNothingFalse_ValidInvalidCustodianName","328",""
"passed","unknown.UpdateCrossCurrency__success","161",""
"passed","unknown.GetIndustriesTest","130243",""
"passed","unknown.WhenEditingChildPairsOrdersPermOffAndEMSComplianceOnlyTrue_FailTsValidationWithNotExistBroker_ExpectComplianceViolation","4020",""
"passed","unknown.PerUnitBrokerCommissionTest","1177",""
"passed","unknown.TradeMerge_CollapseBlotter_MergeBrokers","8402",""
"passed","unknown.GetAllPositionsTest_Null","1553",""
"passed","unknown.EnterF5CoverTrade_CloseOutOfTrade_CheckTheoreticalAllocations","17113",""
"passed","unknown.UpdatePortfolio_AllOrNothingTrue_ValidData","132",""
"passed","unknown.RetrieveIssuer_Failure","17",""
"passed","unknown.CreateStartPriceGridTest","32",""
"passed","unknown.WhenSellSideFillsAndAmendsAndCancelsOnTradeGenTradeAndExistingTradeOnTheBlotter_NotifyMRS_PerformVariousSanityChecks","20444",""
"passed","unknown.WhenParentOrderEditSwapWithAllocationSchemeNotDefinedExpectsComplianceViolationResponse","4010",""
"passed","unknown.UpdateSecurityTest_Success","296",""
"passed","unknown.Verify_BrokerTraderDefaultsToTradeTraderSetting_True_TradeGen_MatchRollUp","15078",""
"passed","unknown.WhenDoingGetPSSymbols_WithCyclesOfUnderlyings_RiskServiceDoesNotCrash","981",""
"passed","unknown.SecurityDataRequestUsingAlias1_RetrieveMiFiDFieldsWhendDefaultValuesarePassed","284557",""
"passed","unknown.LocatePluginTestWithOnlyAllocations","100775",""
"passed","unknown.WhenGettingIntradayChartingHistoricalData","15",""
"passed","unknown.Send_Order_With_LastCapacity_Equal_Five","558",""
"passed","unknown.TestTradeRule_ManualCreateNewTStateTrade_InheritAllocationsFromParent","5842",""
"passed","unknown.WhenUsingLookThroughBySecurity_LookThroughTrue","167",""
"passed","unknown.VerifySc1Trade_FixIntegration","431937",""
"failed","unknown.Verify_Replace","1330",""
"passed","unknown.UpdateBroker_AllOrNothingFalse_ValidInvalid","123",""
"passed","unknown.CreateBatchTrades_UsingNotDefinedStrategiesWhenIsAllorNothingIsTrue","29743",""
"passed","unknown.WhenGettingDataToUpdateIntradayChartingDimensions","6",""
"passed","unknown.WhenGettingViewTypeFromViewTypeName","15",""
"passed","unknown.ImportLocatesAndAdd","5306",""
"passed","unknown.CreateSecurityTest_Success","1431",""
"passed","unknown.WhenGettingTestMessage","267025",""
"passed","unknown.DeleteTrader_AllOrNothingTrue_ValidData","52",""
"passed","unknown.WhenCheckingServiceState","4",""
"passed","unknown.Verify_Execution_Correction_MatchAppend","17255",""
"passed","unknown.WhenAddingChildOrderToSPIsSuccessfulExpectTwoClerkAccept","4023",""
"passed","unknown.WhenDeletingViewType","1035",""
"passed","unknown.TradeMerge_BatchSelect_MMT_Trades_RunCompliance_ProcessUserOverridingComplianceAction","6732",""
"passed","unknown.ChangeTrader_MMT_Trade_InvalidTrader","5124",""
"passed","unknown.TradeMerge_CollapseBlotter_MMT_Trades","6629",""
"passed","unknown.WhenRunningAnIndexShockOnEquityS1ExposureStarIsCorrectInAnalytics","3",""
"passed","unknown.CreatetradewithFills_AllowExecutedTradesViaEITrue","5017",""
"passed","unknown.RetrieveCustodian_IsAllFalse_Success","66",""
"passed","unknown.WhenChildOrderEditWithPermOffAndEMSComplianceOnlyTrue_TsValidationFails_ExpectReject","6019",""
"passed","unknown.DeleteExchange_AllOrNothingTrue_Failure","50",""
"passed","unknown.WhenGettingServerMachineNameAndServerInstance","5",""
"passed","unknown.TradeMerge_BatchSelect_Targeted_Trades_RunCompliance_ProcessUserOverridingComplianceAction","6703",""
"passed","unknown.WhenRunningAScenario_DatafeedHasNoPriceForUnderlying_RiskServiceGetsUnderlyingPriceFromAnalyticsInAnalytics","3114",""
"passed","unknown.WhenEditingChildPairsOrdersPermOnAndEMSComplianceOnlyTrue_FailComplianceValidationAndAck_ExpectExchangeAcceptAck","6032",""
"passed","unknown.Verify_BrokerTraderDefaultsToTradeTraderSetting_False_TradeGen_AppendRollup","35109",""
"passed","unknown.WhenGetingColumnList","1167",""
"passed","unknown.WhenSettingModelingServiceStatus","5",""
"passed","unknown.SimpleWhatIfTest","6739",""
"passed","unknown.WhenChildOrderEntryPassesExpectClerkAccept","4010",""
"passed","unknown.EnterF5CoverTrade_CloseOutOfHolding_CheckTheoreticalAllocations","612",""
"passed","unknown.WhenUsingLookThroughBySecurity_LookThroughTrue_Strategies","117",""
"passed","unknown.WhenCheckingCompliance_APITradeEntry_CreateTradeWorklow_ViolationsNotReported_TradeCreated","1985",""
"passed","unknown.Test_RetrievePositionLots_FilterByPortfolio","6778",""
"passed","unknown.SecurityDataRequestUsingKeys_RetrieveMiFiDFieldsWhenAllFalseValuesarePassed","79",""
"passed","unknown.LocatePluginTestWithInventory","97808",""
"passed","unknown.WhenNotifyingMRS_TraderIsNotAssociatedToAFirm_FillISsFiltered","60489",""
"passed","unknown.WhenEnteringASellTrade_WithShortBrokerFromF5_TOrderActionUpdatesToShort","123",""
"passed","unknown.InsertAllocatedTradeData_InsertTradeWithSymbolWithExchange","1143",""
"passed","unknown.GetPositions_GetPositionByExternalID_Success","1555",""
"passed","unknown.RetrieveSecurityTest_Success","319",""
"passed","unknown.BasisPointBrokerCommissionAndMultipleAllocationCommissionTest","2602",""
"passed","unknown.WhenDoingDataValidationUSOptionMissingUnderlyingErrorReported","1747",""
"passed","unknown.Verify_OutboundOverrideRule_ForCachedData","51242",""
"passed","unknown.TradeMerge_BatchSelect_MMT_Trades_MultipleElectronicBrokers","11446",""
"passed","unknown.WithSingleManualFillAndAmendAndCancel_NotifyMRS_PerformVariousSanityChecks","75944",""
"passed","unknown.TradeMerge_BatchSelect_MMT_Trades","6707",""
"passed","unknown.UpdateIssuer_AllOrNothingFalse_ValidInvalid","85",""
"passed","unknown.AutoTradeRule_CreateNewTrade_WithComplianceCheck_ViolationReported","10922",""
"passed","unknown.WhenSecuritySwapPassesDefaultFilterAndAutoCreate","3019",""
"passed","unknown.WhenInvokingFilterLogic_NewFillIsToBeReported_FilterResultPassed","50",""
"passed","unknown.WhenEditingChildPairsOrdersPermOnAndEMSComplianceOnlyTrue_FailTsValidation_ExpectComplianceViolation","4020",""
"passed","unknown.WhenSecurityPassesFilterAndFailOnSecondaryMatch","8029",""
"passed","unknown.UpdateManager_AllOrNothingFalse_ValidData","56",""
"passed","unknown.WhenSecuritySwapPassesDefaultFilterAndFailOnPrimaryMatch","313932",""
"passed","unknown.Verify_IDMCodeMissing_FIX44","11131",""
"passed","unknown.Verify_TradeGen_MatchRollup_BrokerNotCommitted","13459",""
"passed","unknown.Verify_Execution_Cancellation_HardMatchRollUp","18433",""
"passed","unknown.WhenParentOrderEntrySwapWithWarningLevelViolationExpectsViolationAndAck","4111",""
"passed","unknown.PriceMultiplierNotifiedForRealTimeData","14862",""
"passed","unknown.AuthenticateUserTest","30013",""
"passed","unknown.DeleteSecurityTest_With_Null_Failure","7",""
